<?xml version="1.0" encoding="utf-8" ?>
<dwsync>
<file name="applogin.inc.php" server="ftp-6.luxsci.com//" local="130206800647438339" remote="130209004100000000" />
<file name="accounts.php" server="ftp-6.luxsci.com//" local="130206800647418337" remote="130209004100000000" />
<file name="locations.php" server="ftp-6.luxsci.com//" local="130206800647448339" remote="130209004110000000" />
<file name="newlocation.php" server="ftp-6.luxsci.com//" local="130206800647468340" remote="130209004110000000" />
<file name="newreport.php" server="ftp-6.luxsci.com//" local="130206800647478341" remote="130209004110000000" />
<file name="recorder.jar" server="ftp-6.luxsci.com//" local="130206800647508343" remote="130209004120000000" />
<file name="recorder.jar.bck" server="ftp-6.luxsci.com//" local="130206800647528344" remote="130209004130000000" />
<file name="recorder.jnlp" server="ftp-6.luxsci.com//" local="130206800647538344" remote="130209004130000000" />
<file name="recorderhelp.pdf" server="ftp-6.luxsci.com//" local="130206800648068375" remote="130209004150000000" />
<file name="recorderhelp.php" server="ftp-6.luxsci.com//" local="130206800648098376" remote="130209004150000000" />
<file name="reporttypes.php" server="ftp-6.luxsci.com//" local="130206800648108377" remote="130209004150000000" />
<file name="upload.dump" server="ftp-6.luxsci.com//" local="130206800648118377" remote="130209004160000000" />
<file name="upload.php" server="ftp-6.luxsci.com//" local="130206800648128378" remote="130209004160000000" />
</dwsync>